{
    "student": {
        "name":"xxx",
        "sno":"999999999",
        "college":"计算机学院",
        "class":"1班",
        "sex":"男",
        "age":"20岁"
    },
    "time": {
        "desc":"时间消息由：年/月/日/时/分/秒+星期组成，时间获取服务器时间，1秒更新一次！"
    } ,
    "calculator": {
        "desc":"计算器能够实现多种混合计算，加减乘除一步到位，能够对不合理的输入和空参进行判断，并且能够把计算结果实时显示在屏幕上面！"
    } ,
    "message": {
        "desc":"聊天留言框可以进行回复留言消息，并对输入的空值进行判断，保证回复的姓名和内容不为空，每次回复的消息能够保存在后端数据库中，可以实现每次访问能够看得到以前留言消息内容！"
    }
}